ACCIDENT_DATE,ACCIDENT_TIME,ALCOHOLTIME,ACCIDENT_TYPE,DCA_CODE,HIT_RUN_FLAG,LIGHT_CONDITION,POLICE_ATTEND,ROAD_GEOMETRY,SEVERITY,SPEED_ZONE,LONGITUDE,LATITUDE,LGA_NAME,REGION_NAME,TOTAL_PERSONS,INJ_OR_FATAL,FATALITY,SERIOUSINJURY,OTHERINJURY,NONINJURED,MALES,FEMALES,BICYCLIST,PASSENGER,DRIVER,PEDESTRIAN,PILLION,MOTORIST,UNKNOWN,PED_CYCLIST_5_12,PED_CYCLIST_13_18,OLD_PEDESTRIAN,OLD_DRIVER,YOUNG_DRIVER,ALCOHOL_RELATED,UNLICENCSED,NO_OF_VEHICLES,HEAVYVEHICLE,PASSENGERVEHICLE,MOTORCYCLE,PUBLICVEHICLE,DEG_URBAN_NAME
1/07/2010,00.50.00,Yes,Collision with vehicle,LEFT OFF CARRIAGEWAY INTO OBJECT/PARKED VEHICLE,No,Dark Street lights on,Yes,Not at intersection,Serious injury accident,80 km/hr,145.09699,-37.89581,MONASH,METROPOLITAN SOUTH EAST REGION,2,2,0,2,0,0,2,0,0,1,1,0,0,0,0,0,0,0,0,1,Yes,0,3,0,3,0,0,Metropolitan Excluding CBD
1/07/2010,07.30.00,No,Struck Pedestrian,PED NEAR SIDE. PED HIT BY VEHICLE FROM THE RIGHT.,No,Day,Yes,Cross intersection,Serious injury accident,50 km/hr,145.10156,-37.90036,MONASH,METROPOLITAN SOUTH EAST REGION,2,1,0,1,0,1,2,0,0,0,1,1,0,0,0,0,0,0,0,1,No,0,1,0,1,0,0,Metropolitan Excluding CBD
2/07/2010,17.00.00,Yes,Collision with a fixed object,LEFT OFF CARRIAGEWAY INTO OBJECT/PARKED VEHICLE,No,Dusk/Dawn,Yes,Cross intersection,Serious injury accident,70 km/hr,145.14569,-37.88673,MONASH,METROPOLITAN SOUTH EAST REGION,4,1,0,1,0,3,3,0,0,2,1,0,0,0,1,0,0,0,0,1,Yes,0,2,0,1,0,0,Metropolitan Excluding CBD
3/07/2010,11.00.00,No,Collision with a fixed object,RIGHT OFF CARRIAGEWAY INTO OBJECT/PARKED VEHICLE,No,Day,Yes,Multiple intersection,Other injury accident,60 km/hr,145.09009,-37.88343,MONASH,METROPOLITAN SOUTH EAST REGION,2,2,0,0,2,0,1,1,0,1,1,0,0,0,0,0,0,0,0,0,No,0,1,0,1,0,0,Metropolitan Excluding CBD
5/07/2010,06.10.00,No,Collision with a fixed object,LEFT OFF CARRIAGEWAY INTO OBJECT/PARKED VEHICLE,No,Dark Street lights on,Yes,Cross intersection,Serious injury accident,70 km/hr,145.08676,-37.90102,MONASH,METROPOLITAN SOUTH EAST REGION,2,2,0,2,0,0,1,1,0,1,1,0,0,0,0,0,0,0,0,0,No,0,1,0,1,0,0,Metropolitan Excluding CBD
5/07/2010,12.05.00,No,Struck Pedestrian,PED PLAYING/LYING/WORKING/STANDING ON CARRIAGEWAY.,No,Day,Yes,Not at intersection,Serious injury accident,50 km/hr,145.08768,-37.90688,MONASH,METROPOLITAN SOUTH EAST REGION,2,1,0,1,0,1,2,0,0,0,1,1,0,0,0,1,0,0,0,0,No,0,1,1,0,0,0,Metropolitan Excluding CBD
5/07/2010,17.02.00,No,Collision with vehicle,RIGHT THROUGH,No,Day,Yes,Cross intersection,Other injury accident,60 km/hr,145.1619,-37.86111,MONASH,METROPOLITAN SOUTH EAST REGION,3,1,0,0,1,2,3,0,0,1,2,0,0,0,0,0,0,0,0,1,No,0,2,0,2,0,0,Metropolitan Excluding CBD
6/07/2010,09.40.00,No,Collision with vehicle,LEFT REAR,No,Day,Yes,Cross intersection,Other injury accident,60 km/hr,145.1484,-37.87221,MONASH,METROPOLITAN SOUTH EAST REGION,8,1,0,0,1,7,6,2,0,6,2,0,0,0,0,0,0,0,1,0,No,0,2,0,2,0,0,Metropolitan Excluding CBD
10/07/2010,03.50.00,Yes,Collision with a fixed object,OFF END OF ROAD/T-INTERSECTION.,No,Dark Street lights on,Yes,Not at intersection,Other injury accident,50 km/hr,145.16056,-37.88349,MONASH,METROPOLITAN SOUTH EAST REGION,3,1,0,0,1,2,3,0,0,2,1,0,0,0,0,0,0,0,0,1,No,0,1,0,1,0,0,Metropolitan Excluding CBD
12/07/2010,00.15.00,Yes,Collision with a fixed object,LEFT OFF CARRIAGEWAY INTO OBJECT/PARKED VEHICLE,No,Dark Street lights on,Yes,Not at intersection,Serious injury accident,80 km/hr,145.15648,-37.9307,MONASH,METROPOLITAN SOUTH EAST REGION,1,1,0,1,0,0,1,0,0,0,1,0,0,0,0,0,0,0,0,1,No,0,1,0,1,0,0,Metropolitan Excluding CBD
12/07/2010,08.15.00,No,Collision with vehicle,RIGHT THROUGH,Yes,Day,Yes,Cross intersection,Other injury accident,80 km/hr,145.1587,-37.91848,MONASH,METROPOLITAN SOUTH EAST REGION,3,1,0,0,1,2,3,0,0,0,3,0,0,0,0,0,0,0,0,0,No,0,3,0,3,0,0,Metropolitan Excluding CBD
12/07/2010,10.13.00,No,Collision with vehicle,U TURN,No,Day,Yes,Not at intersection,Other injury accident,50 km/hr,145.15272,-37.90789,MONASH,METROPOLITAN SOUTH EAST REGION,2,1,0,0,1,1,1,1,0,0,2,0,0,0,0,0,0,0,0,1,No,0,2,0,2,0,0,Metropolitan Excluding CBD
13/07/2010,19.30.00,Yes,Collision with a fixed object,LEFT OFF CARRIAGEWAY INTO OBJECT/PARKED VEHICLE,No,Dark Street lights on,No,Not at intersection,Other injury accident,70 km/hr,145.16691,-37.87394,MONASH,METROPOLITAN SOUTH EAST REGION,3,1,0,0,1,2,0,3,0,2,1,0,0,0,0,0,0,0,0,0,No,0,1,0,1,0,0,Metropolitan Excluding CBD
14/07/2010,22.50.00,Yes,Collision with vehicle,RIGHT THROUGH,No,Dark Street lights on,Yes,Cross intersection,Serious injury accident,60 km/hr,145.1484,-37.87221,MONASH,METROPOLITAN SOUTH EAST REGION,5,2,0,1,1,3,2,3,0,3,2,0,0,0,0,0,0,0,1,1,No,0,2,0,2,0,0,Metropolitan Excluding CBD
14/07/2010,19.10.00,Yes,No collision and no object struck,OUT OF CONTROL ON CARRIAGEWAY (ON STRAIGHT),No,Dark No street lights,Yes,Not at intersection,Serious injury accident,80 km/hr,145.17557,-37.92167,MONASH,METROPOLITAN SOUTH EAST REGION,9,1,0,1,0,8,3,2,0,3,2,0,0,0,4,0,0,0,0,0,No,0,6,0,2,0,0,Metropolitan Excluding CBD
14/07/2010,19.45.00,Yes,Collision with vehicle,RIGHT REAR.,No,Dark Street lights on,No,T intersection,Serious injury accident,60 km/hr,145.12988,-37.87106,MONASH,METROPOLITAN SOUTH EAST REGION,4,1,0,1,0,3,2,2,0,1,3,0,0,0,0,0,0,0,1,0,No,0,3,0,3,0,0,Metropolitan Excluding CBD
15/07/2010,08.30.00,No,Collision with vehicle,RIGHT REAR.,No,Day,No,Not at intersection,Serious injury accident,70 km/hr,145.13256,-37.85769,MONASH,METROPOLITAN SOUTH EAST REGION,2,1,0,1,0,1,2,0,0,0,2,0,0,0,0,0,0,0,0,0,No,0,2,0,2,0,0,Metropolitan Excluding CBD
16/07/2010,08.55.00,No,Struck Pedestrian,PED EMERGES FROM IN FRONT OF PARKED OR STATIONARY VEHICLE,No,Day,No,Not at intersection,Other injury accident,50 km/hr,145.15198,-37.90993,MONASH,METROPOLITAN SOUTH EAST REGION,2,1,0,0,1,1,2,0,0,0,1,1,0,0,0,0,0,0,0,1,No,0,1,0,1,0,0,Metropolitan Excluding CBD
16/07/2010,10.58.00,No,Collision with vehicle,RIGHT NEAR (INTERSECTIONS ONLY),No,Day,Yes,T intersection,Other injury accident,60 km/hr,145.14494,-37.8905,MONASH,METROPOLITAN SOUTH EAST REGION,2,1,0,0,1,1,1,1,0,0,1,0,0,1,0,0,0,0,0,0,No,0,2,0,1,1,0,Metropolitan Excluding CBD
19/07/2010,22.15.00,Yes,Collision with a fixed object,LEFT OFF CARRIAGEWAY INTO OBJECT/PARKED VEHICLE,No,Dark Street lights on,Yes,Not at intersection,Other injury accident,80 km/hr,145.08881,-37.88973,MONASH,METROPOLITAN SOUTH EAST REGION,2,2,0,0,2,0,1,1,0,1,1,0,0,0,0,0,0,0,0,0,No,0,2,0,2,0,0,Metropolitan Excluding CBD
20/07/2010,15.45.00,No,Collision with vehicle,REAR END(VEHICLES IN SAME LANE),No,Day,No,Not at intersection,Other injury accident,Not known,145.09045,-37.88205,MONASH,METROPOLITAN SOUTH EAST REGION,4,1,0,0,1,3,3,1,0,2,2,0,0,0,0,0,0,0,0,1,No,0,2,0,2,0,0,Metropolitan Excluding CBD
21/07/2010,07.30.00,No,Collision with vehicle,VEHICLE COLLIDES WITH VEHICLE PARKED ON LEFT OF ROAD,No,Day,Yes,Not at intersection,Other injury accident,50 km/hr,145.12556,-37.87708,MONASH,METROPOLITAN SOUTH EAST REGION,2,1,0,0,1,1,2,0,0,0,1,1,0,0,0,0,0,0,0,0,No,0,3,0,3,0,0,Metropolitan Excluding CBD
21/07/2010,20.47.00,Yes,Collision with vehicle,OTHER ON PATH,No,Dark Street lights on,Yes,Not at intersection,Other injury accident,50 km/hr,145.09326,-37.87921,MONASH,METROPOLITAN SOUTH EAST REGION,1,1,0,0,1,0,1,0,0,0,1,0,0,0,0,0,0,0,0,0,No,0,2,1,1,0,0,Metropolitan Excluding CBD
25/07/2010,06.00.00,Yes,Collision with vehicle,REAR END(VEHICLES IN SAME LANE),No,Dusk/Dawn,Yes,Not at intersection,Serious injury accident,100 km/hr,145.16858,-37.91519,MONASH,METROPOLITAN SOUTH EAST REGION,2,1,0,1,0,1,2,0,0,0,2,0,0,0,0,0,0,0,0,1,No,0,2,0,2,0,0,Metropolitan Excluding CBD
26/07/2010,14.30.00,No,Struck Pedestrian,PED NEAR SIDE. PED HIT BY VEHICLE FROM THE RIGHT.,No,Day,No,Cross intersection,Other injury accident,50 km/hr,145.11998,-37.92387,MONASH,METROPOLITAN SOUTH EAST REGION,2,1,0,0,1,1,1,1,0,0,1,1,0,0,0,0,0,0,0,1,No,0,1,0,1,0,0,Metropolitan Excluding CBD
26/07/2010,16.55.00,No,Collision with vehicle,RIGHT THROUGH,No,Day,Yes,Cross intersection,Other injury accident,60 km/hr,145.109,-37.88251,MONASH,METROPOLITAN SOUTH EAST REGION,3,2,0,0,2,1,2,1,0,1,2,0,0,0,0,0,0,0,0,0,No,0,2,0,1,0,1,Metropolitan Excluding CBD
27/07/2010,09.20.00,No,Collision with vehicle,VEHICLE STRIKES DOOR OF PARKED/STATIONARY VEHICLE,No,Day,Yes,Not at intersection,Other injury accident,50 km/hr,145.1784,-37.8751,MONASH,METROPOLITAN SOUTH EAST REGION,2,1,0,0,1,1,2,0,1,0,1,0,0,0,0,0,0,0,0,0,No,0,2,0,1,0,0,Metropolitan Excluding CBD
27/07/2010,10.00.00,No,Collision with vehicle,U TURN,No,Day,Yes,Not at intersection,Serious injury accident,50 km/hr,145.14706,-37.91746,MONASH,METROPOLITAN SOUTH EAST REGION,2,1,0,1,0,1,2,0,1,0,1,0,0,0,0,0,0,0,0,0,No,0,2,0,0,0,0,Metropolitan Excluding CBD
29/07/2010,07.30.00,No,Struck Pedestrian,FAR SIDE. PED HIT BY VEHICLE FROM THE LEFT,No,Dusk/Dawn,Yes,Cross intersection,Other injury accident,60 km/hr,145.11998,-37.92387,MONASH,METROPOLITAN SOUTH EAST REGION,3,1,0,0,1,2,1,2,0,1,1,1,0,0,0,0,1,0,0,0,No,0,1,0,1,0,0,Metropolitan Excluding CBD
31/07/2010,11.00.00,No,Collision with vehicle,REAR END(VEHICLES IN SAME LANE),No,Day,Yes,Cross intersection,Other injury accident,70 km/hr,145.11013,-37.88265,MONASH,METROPOLITAN SOUTH EAST REGION,5,2,0,0,2,3,1,4,0,2,3,0,0,0,0,0,0,0,0,1,Yes,0,3,0,3,0,0,Metropolitan Excluding CBD
31/07/2010,15.30.00,Yes,Collision with vehicle,REAR END(VEHICLES IN SAME LANE),No,Day,Yes,Not at intersection,Other injury accident,80 km/hr,145.16237,-37.8991,MONASH,METROPOLITAN SOUTH EAST REGION,11,2,0,0,2,9,5,6,0,7,4,0,0,0,0,0,0,0,0,0,No,0,4,0,4,0,0,Metropolitan Excluding CBD
31/07/2010,10.45.00,No,Collision with vehicle,U TURN,No,Day,Yes,Not at intersection,Other injury accident,50 km/hr,145.18072,-37.86859,MONASH,METROPOLITAN SOUTH EAST REGION,4,3,0,0,3,1,4,0,0,2,2,0,0,0,0,0,0,0,0,0,No,0,2,0,2,0,0,Metropolitan Excluding CBD
1/08/2010,11.50.00,No,Struck Pedestrian,PED NEAR SIDE. PED HIT BY VEHICLE FROM THE RIGHT.,No,Day,Yes,Not at intersection,Other injury accident,70 km/hr,145.15537,-37.87303,MONASH,METROPOLITAN SOUTH EAST REGION,2,1,0,0,1,1,0,2,0,0,1,1,0,0,0,0,0,0,0,0,No,0,1,0,1,0,0,Metropolitan Excluding CBD
1/08/2010,19.00.00,Yes,Struck Pedestrian,FAR SIDE. PED HIT BY VEHICLE FROM THE LEFT,No,Dark Street lights on,No,Cross intersection,Other injury accident,60 km/hr,145.11998,-37.92387,MONASH,METROPOLITAN SOUTH EAST REGION,3,1,0,0,1,2,2,1,0,1,1,1,0,0,0,0,1,0,0,0,No,0,1,0,1,0,0,Metropolitan Excluding CBD
2/08/2010,13.05.00,No,Collision with vehicle,PULLING OUT (OVERTAKING),No,Day,Yes,Not at intersection,Other injury accident,50 km/hr,145.18503,-37.91288,MONASH,METROPOLITAN SOUTH EAST REGION,2,1,0,0,1,1,1,1,0,0,1,0,0,1,0,0,0,0,0,0,No,0,2,0,1,1,0,Metropolitan Excluding CBD
4/08/2010,16.40.00,No,Collision with vehicle,REAR END(VEHICLES IN SAME LANE),No,Day,Yes,Not at intersection,Serious injury accident,70 km/hr,145.19299,-37.93536,MONASH,METROPOLITAN SOUTH EAST REGION,2,1,0,1,0,1,2,0,0,0,2,0,0,0,0,0,0,0,0,1,No,0,2,0,1,0,1,Metropolitan Excluding CBD
6/08/2010,17.45.00,Yes,Collision with vehicle,REAR END(VEHICLES IN SAME LANE),No,Dusk/Dawn,No,Cross intersection,Other injury accident,Not known,145.15718,-37.90308,MONASH,METROPOLITAN SOUTH EAST REGION,5,1,0,0,1,4,2,3,0,1,4,0,0,0,0,0,0,0,0,2,No,0,4,0,4,0,0,Metropolitan Excluding CBD
11/08/2010,15.00.00,No,Struck Pedestrian,PED ON FOOTHPATH STRUCK BY VEHENTERING/LEAVING DRIVEWAY.,No,Day,Yes,Not at intersection,Other injury accident,80 km/hr,145.15881,-37.91798,MONASH,METROPOLITAN SOUTH EAST REGION,3,1,0,0,1,2,1,2,0,1,1,1,0,0,0,0,0,0,0,0,No,0,1,0,1,0,0,Metropolitan Excluding CBD
13/08/2010,18.10.00,Yes,Collision with vehicle,CROSS TRAFFIC(INTERSECTIONS ONLY),No,Dark Street lights on,Yes,Cross intersection,Other injury accident,50 km/hr,145.09538,-37.86719,MONASH,METROPOLITAN SOUTH EAST REGION,5,1,0,0,1,4,0,5,0,3,2,0,0,0,0,0,0,0,0,0,No,0,2,0,2,0,0,Metropolitan Excluding CBD
17/08/2010,17.40.00,No,Collision with vehicle,RIGHT THROUGH,No,Dusk/Dawn,Yes,Cross intersection,Other injury accident,60 km/hr,145.10547,-37.90082,MONASH,METROPOLITAN SOUTH EAST REGION,2,1,0,0,1,1,2,0,0,0,2,0,0,0,0,0,0,0,0,0,No,0,2,0,2,0,0,Metropolitan Excluding CBD
18/08/2010,09.27.00,No,Collision with vehicle,CROSS TRAFFIC(INTERSECTIONS ONLY),No,Day,Yes,Cross intersection,Other injury accident,60 km/hr,145.15769,-37.88817,MONASH,METROPOLITAN SOUTH EAST REGION,3,1,0,0,1,2,1,2,0,1,2,0,0,0,0,0,0,0,0,0,No,0,2,0,2,0,0,Metropolitan Excluding CBD
19/08/2010,09.21.00,No,Collision with a fixed object,LEFT OFF CARRIAGEWAY INTO OBJECT/PARKED VEHICLE,No,Day,Yes,Not at intersection,Serious injury accident,70 km/hr,145.09749,-37.91094,MONASH,METROPOLITAN SOUTH EAST REGION,1,1,0,1,0,0,1,0,0,0,1,0,0,0,0,0,0,0,0,0,No,0,1,0,1,0,0,Metropolitan Excluding CBD
19/08/2010,20.30.00,Yes,Collision with a fixed object,RIGHT OFF CARRIAGEWAY INTO OBJECT/PARKED VEHICLE,No,Dark Street lights on,Yes,Not at intersection,Serious injury accident,80 km/hr,145.10498,-37.90052,MONASH,METROPOLITAN SOUTH EAST REGION,2,2,0,2,0,0,1,1,0,1,1,0,0,0,0,0,0,0,0,1,No,0,1,0,1,0,0,Metropolitan Excluding CBD
19/08/2010,20.00.00,Yes,Collision with vehicle,RIGHT NEAR (INTERSECTIONS ONLY),No,Dark Street lights on,No,Multiple intersection,Serious injury accident,50 km/hr,145.1931,-37.93487,MONASH,METROPOLITAN SOUTH EAST REGION,3,1,0,1,0,2,1,2,0,0,3,0,0,0,0,0,0,0,0,1,No,0,3,0,3,0,0,Metropolitan Excluding CBD
22/08/2010,00.54.00,Yes,Collision with a fixed object,OFF RIGHT BEND INTO OBJECT/PARKED VEHICLE,Yes,Dark Street lights on,Yes,Multiple intersection,Other injury accident,50 km/hr,145.10339,-37.9116,MONASH,METROPOLITAN SOUTH EAST REGION,3,1,0,0,1,2,1,0,0,1,1,0,0,1,0,0,0,0,0,0,No,0,2,0,1,1,0,Metropolitan Excluding CBD
23/08/2010,09.10.00,No,Collision with vehicle,LEFT REAR,No,Day,Yes,Cross intersection,Other injury accident,80 km/hr,145.1614,-37.90354,MONASH,METROPOLITAN SOUTH EAST REGION,2,1,0,0,1,1,1,1,0,0,2,0,0,0,0,0,0,0,0,0,No,0,2,0,2,0,0,Metropolitan Excluding CBD
24/08/2010,03.40.00,Yes,Collision with a fixed object,RIGHT OFF CARRIAGEWAY INTO OBJECT/PARKED VEHICLE,No,Dark Street lights on,Yes,Cross intersection,Serious injury accident,80 km/hr,145.17974,-37.90565,MONASH,METROPOLITAN SOUTH EAST REGION,1,1,0,1,0,0,1,0,0,0,1,0,0,0,0,0,0,0,0,0,No,0,1,0,1,0,0,Metropolitan Excluding CBD
24/08/2010,05.00.00,Yes,Collision with a fixed object,LEFT OFF CARRIAGEWAY INTO OBJECT/PARKED VEHICLE,No,Dark Street lights on,Yes,Cross intersection,Other injury accident,70 km/hr,145.16512,-37.88343,MONASH,METROPOLITAN SOUTH EAST REGION,1,1,0,0,1,0,1,0,0,0,1,0,0,0,0,0,0,0,0,0,No,0,1,0,1,0,0,Metropolitan Excluding CBD
24/08/2010,09.45.00,No,Struck Pedestrian,PED NEAR SIDE. PED HIT BY VEHICLE FROM THE RIGHT.,No,Day,No,Cross intersection,Other injury accident,Not known,145.1638,-37.88016,MONASH,METROPOLITAN SOUTH EAST REGION,2,1,0,0,1,1,1,1,0,0,1,1,0,0,0,0,0,0,0,0,No,0,1,0,1,0,0,Metropolitan Excluding CBD
24/08/2010,18.45.00,Yes,Collision with vehicle,REAR END(VEHICLES IN SAME LANE),No,Dark Street lights on,Yes,T intersection,Other injury accident,60 km/hr,145.1319,-37.88522,MONASH,METROPOLITAN SOUTH EAST REGION,2,1,0,0,1,1,1,1,0,0,2,0,0,0,0,0,0,0,0,0,No,0,2,0,2,0,0,Metropolitan Excluding CBD
27/08/2010,10.35.00,No,Collision with vehicle,LANE CHANGE LEFT (NOT OVERTAKING),No,Day,Yes,Not at intersection,Other injury accident,100 km/hr,145.12734,-37.89236,MONASH,METROPOLITAN SOUTH EAST REGION,2,1,0,0,1,1,2,0,0,0,2,0,0,0,0,0,0,0,0,1,No,0,2,1,1,0,0,Metropolitan Excluding CBD
27/08/2010,17.02.00,Yes,Collision with vehicle,LANE CHANGE RIGHT (NOT OVERTAKING),No,Day,Yes,Not at intersection,Other injury accident,100 km/hr,145.13933,-37.89391,MONASH,METROPOLITAN SOUTH EAST REGION,4,1,0,0,1,3,3,0,0,2,1,0,0,0,1,0,0,0,0,1,No,0,2,0,1,0,0,Metropolitan Excluding CBD
27/08/2010,11.00.00,No,Struck Pedestrian,FAR SIDE. PED HIT BY VEHICLE FROM THE LEFT,Yes,Day,No,T intersection,Serious injury accident,60 km/hr,145.12327,-37.90621,MONASH,METROPOLITAN SOUTH EAST REGION,2,1,0,1,0,1,0,1,0,0,0,1,0,0,1,0,0,0,0,0,No,0,1,0,0,0,0,Metropolitan Excluding CBD
28/08/2010,10.40.00,No,Collision with vehicle,REAR END(VEHICLES IN SAME LANE),No,Day,No,Cross intersection,Other injury accident,80 km/hr,145.10547,-37.90082,MONASH,METROPOLITAN SOUTH EAST REGION,4,1,0,0,1,3,4,0,0,0,4,0,0,0,0,0,0,0,0,1,No,0,4,0,4,0,0,Metropolitan Excluding CBD
31/08/2010,14.10.00,No,Collision with vehicle,RIGHT THROUGH,No,Day,Yes,Cross intersection,Other injury accident,60 km/hr,145.08799,-37.89414,MONASH,METROPOLITAN SOUTH EAST REGION,2,1,0,0,1,1,1,1,0,0,2,0,0,0,0,0,0,0,0,0,No,0,2,0,2,0,0,Metropolitan Excluding CBD
31/08/2010,22.40.00,Yes,Collision with vehicle,RIGHT THROUGH,No,Dark Street lights on,Yes,Cross intersection,Serious injury accident,60 km/hr,145.15075,-37.85977,MONASH,METROPOLITAN SOUTH EAST REGION,3,3,0,1,2,0,2,1,0,1,2,0,0,0,0,0,0,0,0,1,No,0,2,0,2,0,0,Metropolitan Excluding CBD
31/08/2010,23.00.00,Yes,Collision with a fixed object,LEFT OFF CARRIAGEWAY INTO OBJECT/PARKED VEHICLE,No,Dark Street lights on,Yes,Not at intersection,Other injury accident,80 km/hr,145.15664,-37.9298,MONASH,METROPOLITAN SOUTH EAST REGION,3,1,0,0,1,2,3,0,0,2,1,0,0,0,0,0,0,0,0,1,No,0,1,0,1,0,0,Metropolitan Excluding CBD
1/09/2010,08.05.00,No,Struck Pedestrian,PED ON FOOTHPATH STRUCK BY VEHENTERING/LEAVING DRIVEWAY.,No,Day,Yes,Not at intersection,Other injury accident,Not known,145.09315,-37.88489,MONASH,METROPOLITAN SOUTH EAST REGION,2,1,0,0,1,1,0,2,0,0,1,1,0,0,0,0,0,0,0,0,No,0,1,0,1,0,0,Metropolitan Excluding CBD
1/09/2010,09.50.00,No,Collision with vehicle,VEHICLE STRIKES ANOTHER VEH WHILE EMERGING FROM DRIVEWAY,No,Day,Yes,Not at intersection,Other injury accident,60 km/hr,145.08553,-37.90712,MONASH,METROPOLITAN SOUTH EAST REGION,2,1,0,0,1,1,1,1,0,0,2,0,0,0,0,0,0,0,0,0,No,0,2,0,2,0,0,Metropolitan Excluding CBD
1/09/2010,08.05.00,No,Collision with vehicle,LANE SIDE SWIPE (VEHICLES IN PARALLEL LANES),No,Day,Yes,Not at intersection,Other injury accident,100 km/hr,145.17322,-37.92009,MONASH,METROPOLITAN SOUTH EAST REGION,2,1,0,0,1,1,2,0,0,0,1,0,0,1,0,0,0,0,0,0,No,0,2,0,1,1,0,Metropolitan Excluding CBD
2/09/2010,07.20.00,No,Collision with vehicle,OTHER SAME DIRECTION-MANOUEVRES NOT INCLUDED IN DCAs 130-137,No,Day,Yes,Cross intersection,Other injury accident,70 km/hr,145.1587,-37.91848,MONASH,METROPOLITAN SOUTH EAST REGION,2,1,0,0,1,1,2,0,0,0,2,0,0,0,0,0,0,0,0,0,No,0,2,0,2,0,0,Metropolitan Excluding CBD
2/09/2010,20.20.00,Yes,Collision with vehicle,RIGHT THROUGH,No,Dark Street lights on,Yes,Multiple intersection,Serious injury accident,60 km/hr,145.13052,-37.8924,MONASH,METROPOLITAN SOUTH EAST REGION,4,3,0,1,2,1,1,2,0,2,2,0,0,0,0,0,0,0,0,1,No,1,2,0,2,0,0,Metropolitan Excluding CBD
2/09/2010,21.30.00,Yes,Struck Pedestrian,PED NEAR SIDE. PED HIT BY VEHICLE FROM THE RIGHT.,No,Dark Street lights on,No,T intersection,Other injury accident,40 km/hr,145.13172,-37.91752,MONASH,METROPOLITAN SOUTH EAST REGION,2,1,0,0,1,1,2,0,0,0,1,1,0,0,0,0,0,0,0,0,No,0,1,0,1,0,0,Metropolitan Excluding CBD
3/09/2010,22.25.00,Yes,Collision with vehicle,RIGHT THROUGH,No,Dark Street lights on,Yes,Cross intersection,Serious injury accident,60 km/hr,145.1117,-37.86793,MONASH,METROPOLITAN SOUTH EAST REGION,2,1,0,1,0,1,2,0,0,0,1,0,0,1,0,0,0,0,0,0,No,0,2,0,1,1,0,Metropolitan Excluding CBD
5/09/2010,00.52.00,Yes,Collision with a fixed object,LEFT OFF CARRIAGEWAY INTO OBJECT/PARKED VEHICLE,No,Dark Street lights on,Yes,Not at intersection,Other injury accident,60 km/hr,145.10849,-37.92226,MONASH,METROPOLITAN SOUTH EAST REGION,3,2,0,0,2,1,3,0,0,2,1,0,0,0,0,0,0,0,0,1,No,0,1,0,1,0,0,Metropolitan Excluding CBD
5/09/2010,17.10.00,Yes,Collision with vehicle,LANE CHANGE LEFT (NOT OVERTAKING),No,Day,Yes,Not at intersection,Other injury accident,100 km/hr,145.15077,-37.90042,MONASH,METROPOLITAN SOUTH EAST REGION,2,1,0,0,1,1,0,2,0,0,2,0,0,0,0,0,0,0,0,1,No,0,2,0,2,0,0,Metropolitan Excluding CBD
7/09/2010,11.45.00,No,Collision with vehicle,LEFT REAR,No,Day,No,Cross intersection,Other injury accident,80 km/hr,145.16681,-37.87439,MONASH,METROPOLITAN SOUTH EAST REGION,2,1,0,0,1,1,1,1,0,0,2,0,0,0,0,0,0,0,1,0,No,0,2,0,2,0,0,Metropolitan Excluding CBD
9/09/2010,08.00.00,No,Collision with vehicle,REAR END(VEHICLES IN SAME LANE),No,Day,No,Cross intersection,Other injury accident,70 km/hr,145.1484,-37.87221,MONASH,METROPOLITAN SOUTH EAST REGION,3,1,0,0,1,2,0,3,0,0,3,0,0,0,0,0,0,0,0,1,No,0,3,0,3,0,0,Metropolitan Excluding CBD
10/09/2010,09.00.00,No,Collision with vehicle,REAR END(VEHICLES IN SAME LANE),No,Day,No,T intersection,Other injury accident,60 km/hr,145.08938,-37.887,MONASH,METROPOLITAN SOUTH EAST REGION,2,1,0,0,1,1,0,2,0,0,2,0,0,0,0,0,0,0,0,2,No,0,2,0,2,0,0,Metropolitan Excluding CBD
10/09/2010,16.15.00,Yes,Collision with vehicle,REAR END(VEHICLES IN SAME LANE),No,Day,No,Not at intersection,Other injury accident,80 km/hr,145.13891,-37.92176,MONASH,METROPOLITAN SOUTH EAST REGION,3,1,0,0,1,2,3,0,0,0,3,0,0,0,0,0,0,0,0,1,No,0,3,0,3,0,0,Metropolitan Excluding CBD