ACCIDENT_DATE,ACCIDENT_TIME,ALCOHOLTIME,ACCIDENT_TYPE,DCA_CODE,HIT_RUN_FLAG,LIGHT_CONDITION,POLICE_ATTEND,ROAD_GEOMETRY,SEVERITY,SPEED_ZONE,LONGITUDE,LATITUDE,LGA_NAME,REGION_NAME,TOTAL_PERSONS,INJ_OR_FATAL,FATALITY,SERIOUSINJURY,OTHERINJURY,NONINJURED,MALES,FEMALES,BICYCLIST,PASSENGER,DRIVER,PEDESTRIAN,PILLION,MOTORIST,UNKNOWN,PED_CYCLIST_5_12,PED_CYCLIST_13_18,OLD_PEDESTRIAN,OLD_DRIVER,YOUNG_DRIVER,ALCOHOL_RELATED,UNLICENCSED,NO_OF_VEHICLES,HEAVYVEHICLE,PASSENGERVEHICLE,MOTORCYCLE,PUBLICVEHICLE,DEG_URBAN_NAME
9/08/2012,02.25.00,Yes,Collision with vehicle,VEHICLE COLLIDES WITH VEHICLE PARKED ON LEFT OF ROAD,No,Dark No street lights,Yes,Not at intersection,Other injury accident,100 km/hr,145.17306,-37.91995,MONASH,METROPOLITAN SOUTH EAST REGION,1,1,0,0,1,0,1,0,0,0,1,0,0,0,0,0,0,0,0,1,No,0,2,0,2,0,0,Metropolitan Excluding CBD
9/08/2012,08.36.00,No,Collision with vehicle,REAR END(VEHICLES IN SAME LANE),No,Day,Yes,T intersection,Other injury accident,80 km/hr,145.18104,-37.92123,MONASH,METROPOLITAN SOUTH EAST REGION,2,1,0,0,1,1,1,1,0,0,2,0,0,0,0,0,0,0,0,0,No,0,2,0,2,0,0,Metropolitan Excluding CBD
9/08/2012,17.50.00,No,Struck Pedestrian,PED NEAR SIDE. PED HIT BY VEHICLE FROM THE RIGHT.,No,Dusk/Dawn,Yes,T intersection,Serious injury accident,60 km/hr,145.09752,-37.85363,MONASH,METROPOLITAN SOUTH EAST REGION,2,1,0,1,0,1,1,1,0,0,1,1,0,0,0,0,0,0,0,0,No,0,1,0,1,0,0,Metropolitan Excluding CBD
9/08/2012,10.40.00,No,Collision with vehicle,CROSS TRAFFIC(INTERSECTIONS ONLY),No,Day,No,Cross intersection,Other injury accident,60 km/hr,145.10961,-37.91221,MONASH,METROPOLITAN SOUTH EAST REGION,3,2,0,0,2,1,2,1,0,1,2,0,0,0,0,0,0,0,1,0,No,0,2,0,2,0,0,Metropolitan Excluding CBD
10/08/2012,09.25.00,No,Collision with vehicle,RIGHT NEAR (INTERSECTIONS ONLY),No,Day,Yes,T intersection,Serious injury accident,70 km/hr,145.15038,-37.90229,MONASH,METROPOLITAN SOUTH EAST REGION,3,3,0,1,2,0,0,3,0,1,2,0,0,0,0,0,0,0,0,1,No,0,2,0,2,0,0,Metropolitan Excluding CBD
13/08/2012,16.30.00,No,Collision with vehicle,RIGHT REAR.,No,Day,Yes,T intersection,Serious injury accident,60 km/hr,145.12274,-37.909,MONASH,METROPOLITAN SOUTH EAST REGION,2,1,0,1,0,1,2,0,0,0,1,0,0,1,0,0,0,0,0,1,No,0,2,0,1,1,0,Metropolitan Excluding CBD
13/08/2012,17.40.00,No,Struck Pedestrian,PED NEAR SIDE. PED HIT BY VEHICLE FROM THE RIGHT.,No,Dusk/Dawn,No,Not at intersection,Serious injury accident,60 km/hr,145.08529,-37.90834,MONASH,METROPOLITAN SOUTH EAST REGION,2,1,0,1,0,1,0,2,0,0,1,1,0,0,0,0,0,0,0,0,No,0,1,0,1,0,0,Metropolitan Excluding CBD
13/08/2012,06.40.00,No,Collision with vehicle,RIGHT NEAR (INTERSECTIONS ONLY),No,Dusk/Dawn,No,T intersection,Other injury accident,50 km/hr,145.1001,-37.8702,MONASH,METROPOLITAN SOUTH EAST REGION,2,1,0,0,1,1,2,0,1,0,1,0,0,0,0,0,0,0,0,0,No,0,2,0,1,0,0,Metropolitan Excluding CBD
14/08/2012,07.50.00,No,Collision with vehicle,RIGHT NEAR (INTERSECTIONS ONLY),No,Dusk/Dawn,Yes,Y intersection,Other injury accident,70 km/hr,145.1471,-37.91727,MONASH,METROPOLITAN SOUTH EAST REGION,2,1,0,0,1,1,2,0,0,0,2,0,0,0,0,0,0,0,0,1,No,0,2,0,2,0,0,Metropolitan Excluding CBD
14/08/2012,21.32.00,Yes,Collision with vehicle,HEAD ON (NOT OVERTAKING),Yes,Dark Street lights on,Yes,Not at intersection,Other injury accident,50 km/hr,145.09191,-37.90122,MONASH,METROPOLITAN SOUTH EAST REGION,2,1,0,0,1,1,0,1,0,0,1,0,0,0,1,0,0,0,0,0,No,0,2,0,1,0,0,Metropolitan Excluding CBD
14/08/2012,21.30.00,Yes,Collision with a fixed object,OFF RIGHT BEND INTO OBJECT/PARKED VEHICLE,No,Dark Street lights unknown,No,Not at intersection,Other injury accident,60 km/hr,145.17487,-37.92024,MONASH,METROPOLITAN SOUTH EAST REGION,3,1,0,0,1,2,2,1,0,2,1,0,0,0,0,0,0,0,0,1,No,0,1,0,1,0,0,Metropolitan Excluding CBD
15/08/2012,07.50.00,No,Collision with vehicle,REAR END(VEHICLES IN SAME LANE),No,Day,Yes,Not at intersection,Serious injury accident,100 km/hr,145.12408,-37.89226,MONASH,METROPOLITAN SOUTH EAST REGION,5,2,0,1,1,3,2,2,0,1,3,0,0,0,1,0,0,0,0,0,No,0,4,1,2,0,0,Metropolitan Excluding CBD
15/08/2012,15.40.00,No,Struck Pedestrian,PED EMERGES FROM IN FRONT OF PARKED OR STATIONARY VEHICLE,No,Day,No,Not at intersection,Other injury accident,40 km/hr,145.17852,-37.9013,MONASH,METROPOLITAN SOUTH EAST REGION,2,1,0,0,1,1,0,2,0,0,1,1,0,0,0,1,0,0,0,0,No,0,1,0,1,0,0,Metropolitan Excluding CBD
15/08/2012,18.10.00,Yes,Collision with vehicle,REAR END(VEHICLES IN SAME LANE),No,Dark Street lights on,Not known,Cross intersection,Other injury accident,70 km/hr,145.16923,-37.86202,MONASH,METROPOLITAN SOUTH EAST REGION,2,2,0,0,2,0,2,0,0,0,2,0,0,0,0,0,0,0,0,1,No,0,2,0,2,0,0,Metropolitan Excluding CBD
17/08/2012,15.50.00,No,Collision with vehicle,REAR END(VEHICLES IN SAME LANE),Yes,Day,Yes,Not at intersection,Other injury accident,100 km/hr,145.19172,-37.93459,MONASH,METROPOLITAN SOUTH EAST REGION,5,1,0,0,1,4,2,1,0,0,5,0,0,0,0,0,0,0,0,0,No,0,5,0,5,0,0,Metropolitan Excluding CBD
17/08/2012,22.00.00,Yes,Struck Pedestrian,FAR SIDE. PED HIT BY VEHICLE FROM THE LEFT,No,Dark Street lights on,No,Cross intersection,Other injury accident,60 km/hr,145.16394,-37.87954,MONASH,METROPOLITAN SOUTH EAST REGION,2,2,0,0,2,0,2,0,0,0,1,1,0,0,0,0,1,0,0,0,No,0,1,0,1,0,0,Metropolitan Excluding CBD
18/08/2012,14.10.00,Yes,Collision with vehicle,RIGHT THROUGH,No,Day,Yes,Cross intersection,Serious injury accident,70 km/hr,145.12189,-37.91364,MONASH,METROPOLITAN SOUTH EAST REGION,2,1,0,1,0,1,1,1,0,0,2,0,0,0,0,0,0,0,0,0,No,0,2,0,2,0,0,Metropolitan Excluding CBD
18/08/2012,14.00.00,Yes,Collision with vehicle,REAR END(VEHICLES IN SAME LANE),No,Day,No,T intersection,Other injury accident,50 km/hr,145.09207,-37.9004,MONASH,METROPOLITAN SOUTH EAST REGION,2,1,0,0,1,1,0,2,0,0,2,0,0,0,0,0,0,0,0,1,No,0,2,0,2,0,0,Metropolitan Excluding CBD
19/08/2012,10.00.00,Yes,Collision with vehicle,RIGHT NEAR (INTERSECTIONS ONLY),No,Day,Yes,T intersection,Serious injury accident,60 km/hr,145.08628,-37.90313,MONASH,METROPOLITAN SOUTH EAST REGION,2,1,0,1,0,1,1,1,1,0,1,0,0,0,0,0,0,0,1,0,No,0,2,0,1,0,0,Metropolitan Excluding CBD
22/08/2012,21.30.00,Yes,Collision with vehicle,RIGHT THROUGH,No,Dark Street lights on,Yes,Cross intersection,Other injury accident,60 km/hr,145.109,-37.88251,MONASH,METROPOLITAN SOUTH EAST REGION,2,1,0,0,1,1,2,0,0,0,2,0,0,0,0,0,0,0,0,0,No,0,2,0,2,0,0,Metropolitan Excluding CBD
22/08/2012,20.10.00,Yes,Struck Pedestrian,FAR SIDE. PED HIT BY VEHICLE FROM THE LEFT,No,Dark Street lights unknown,No,T intersection,Other injury accident,50 km/hr,145.16623,-37.92368,MONASH,METROPOLITAN SOUTH EAST REGION,2,1,0,0,1,1,2,0,0,0,1,1,0,0,0,0,0,0,0,0,No,0,1,0,1,0,0,Metropolitan Excluding CBD
23/08/2012,15.45.00,No,Collision with vehicle,REAR END(VEHICLES IN SAME LANE),No,Day,Yes,Not at intersection,Other injury accident,100 km/hr,145.12433,-37.89202,MONASH,METROPOLITAN SOUTH EAST REGION,3,1,0,0,1,2,1,2,0,1,2,0,0,0,0,0,0,0,0,1,No,0,2,0,2,0,0,Metropolitan Excluding CBD
25/08/2012,23.48.00,Yes,Struck Pedestrian,FAR SIDE. PED HIT BY VEHICLE FROM THE LEFT,No,Dark Street lights on,Yes,T intersection,Serious injury accident,40 km/hr,145.09189,-37.87391,MONASH,METROPOLITAN SOUTH EAST REGION,2,2,0,2,0,0,1,1,1,0,0,1,0,0,0,0,0,0,0,0,No,0,1,0,0,0,0,Metropolitan Excluding CBD
26/08/2012,15.19.00,No,Struck Pedestrian,ANY MANOEUVRE INVOLVING PED NOT INCLUDED IN DCAs 100-108.,No,Day,Yes,T intersection,Other injury accident,60 km/hr,145.12856,-37.8783,MONASH,METROPOLITAN SOUTH EAST REGION,2,1,0,0,1,1,1,1,0,0,1,1,0,0,0,0,0,0,1,0,No,0,1,0,1,0,0,Metropolitan Excluding CBD
27/08/2012,13.01.00,No,Collision with vehicle,LANE CHANGE LEFT (NOT OVERTAKING),No,Day,Yes,Not at intersection,Serious injury accident,100 km/hr,145.16852,-37.91513,MONASH,METROPOLITAN SOUTH EAST REGION,2,1,0,1,0,1,1,1,0,0,2,0,0,0,0,0,0,0,0,0,No,0,2,1,1,0,0,Metropolitan Excluding CBD
27/08/2012,17.50.00,No,Collision with vehicle,RIGHT THROUGH,No,Dark Street lights on,Yes,T intersection,Serious injury accident,60 km/hr,145.10381,-37.88191,MONASH,METROPOLITAN SOUTH EAST REGION,2,1,0,1,0,1,2,0,0,0,1,0,0,1,0,0,0,0,0,0,No,0,2,0,1,1,0,Metropolitan Excluding CBD
28/08/2012,17.08.00,No,Collision with vehicle,RIGHT THROUGH,No,Day,Yes,Cross intersection,Serious injury accident,70 km/hr,145.14195,-37.90669,MONASH,METROPOLITAN SOUTH EAST REGION,3,2,0,1,1,1,1,2,0,1,2,0,0,0,0,0,0,0,0,1,No,0,2,0,2,0,0,Metropolitan Excluding CBD
29/08/2012,06.50.00,No,Collision with a fixed object,LEFT OFF CARRIAGEWAY INTO OBJECT/PARKED VEHICLE,No,Dusk/Dawn,Yes,Not at intersection,Other injury accident,60 km/hr,145.08742,-37.89727,MONASH,METROPOLITAN SOUTH EAST REGION,1,1,0,0,1,0,1,0,0,0,1,0,0,0,0,0,0,0,0,1,No,0,1,0,1,0,0,Metropolitan Excluding CBD
29/08/2012,20.10.00,Yes,Struck Pedestrian,ANY MANOEUVRE INVOLVING PED NOT INCLUDED IN DCAs 100-108.,Not known,Dark Street lights on,Yes,Multiple intersection,Serious injury accident,100 km/hr,145.14428,-37.89388,MONASH,METROPOLITAN SOUTH EAST REGION,2,1,0,1,0,1,0,1,0,0,0,1,0,0,1,0,0,0,0,0,No,0,1,0,0,0,0,Metropolitan Excluding CBD
30/08/2012,17.25.00,No,Collision with vehicle,REAR END(VEHICLES IN SAME LANE),No,Unk.,No,Not at intersection,Other injury accident,100 km/hr,145.18731,-37.93144,MONASH,METROPOLITAN SOUTH EAST REGION,2,1,0,0,1,1,1,1,0,0,2,0,0,0,0,0,0,0,0,0,No,0,2,0,2,0,0,Metropolitan Excluding CBD
1/09/2012,19.48.00,Yes,No collision and no object struck,OUT OF CONTROL ON CARRIAGEWAY (ON STRAIGHT),No,Dark Street lights on,Yes,Cross intersection,Other injury accident,60 km/hr,145.11998,-37.92387,MONASH,METROPOLITAN SOUTH EAST REGION,3,1,0,0,1,2,2,1,1,1,1,0,0,0,0,0,0,0,0,0,No,0,2,0,1,0,0,Metropolitan Excluding CBD
3/09/2012,09.15.00,No,Collision with vehicle,REAR END(VEHICLES IN SAME LANE),No,Day,Yes,Cross intersection,Other injury accident,80 km/hr,145.15867,-37.91869,MONASH,METROPOLITAN SOUTH EAST REGION,2,1,0,0,1,1,1,1,0,0,2,0,0,0,0,0,0,0,0,1,No,0,2,0,1,0,0,Metropolitan Excluding CBD
3/09/2012,14.45.00,No,Collision with a fixed object,U TURN INTO FIXED OBJECT/PARKED VEHICLE,No,Day,Yes,Not at intersection,Serious injury accident,40 km/hr,145.15928,-37.86667,MONASH,METROPOLITAN SOUTH EAST REGION,1,1,0,1,0,0,0,1,0,0,1,0,0,0,0,0,0,0,0,0,No,0,1,0,1,0,0,Metropolitan Excluding CBD
5/09/2012,08.20.00,No,Collision with vehicle,LEFT REAR,No,Day,Yes,Multiple intersection,Serious injury accident,60 km/hr,145.10802,-37.88753,MONASH,METROPOLITAN SOUTH EAST REGION,2,1,0,1,0,1,1,1,0,0,2,0,0,0,0,0,0,0,0,0,No,0,2,0,2,0,0,Metropolitan Excluding CBD
5/09/2012,08.20.00,No,Collision with vehicle,REAR END(VEHICLES IN SAME LANE),No,Day,No,Not at intersection,Other injury accident,60 km/hr,145.08718,-37.89946,MONASH,METROPOLITAN SOUTH EAST REGION,3,1,0,0,1,2,1,1,0,0,3,0,0,0,0,0,0,0,0,0,No,0,3,0,3,0,0,Metropolitan Excluding CBD
6/09/2012,12.51.00,No,Collision with vehicle,CROSS TRAFFIC(INTERSECTIONS ONLY),No,Day,Yes,Cross intersection,Other injury accident,60 km/hr,145.1027,-37.85423,MONASH,METROPOLITAN SOUTH EAST REGION,3,1,0,0,1,2,2,1,0,1,2,0,0,0,0,0,0,0,0,0,No,0,2,0,2,0,0,Metropolitan Excluding CBD
6/09/2012,15.50.00,No,Collision with vehicle,REAR END(VEHICLES IN SAME LANE),No,Day,Yes,Not at intersection,Other injury accident,50 km/hr,145.13689,-37.92074,MONASH,METROPOLITAN SOUTH EAST REGION,2,1,0,0,1,1,1,1,0,0,2,0,0,0,0,0,0,0,0,0,No,0,2,0,2,0,0,Metropolitan Excluding CBD
12/09/2012,07.50.00,No,Collision with vehicle,RIGHT NEAR (INTERSECTIONS ONLY),No,Day,Yes,T intersection,Other injury accident,60 km/hr,145.1899,-37.90267,MONASH,METROPOLITAN SOUTH EAST REGION,2,1,0,0,1,1,1,1,0,0,2,0,0,0,0,0,0,0,0,2,No,0,2,0,2,0,0,Metropolitan Excluding CBD
12/09/2012,17.02.00,No,Collision with vehicle,CROSS TRAFFIC(INTERSECTIONS ONLY),No,Day,Yes,Cross intersection,Serious injury accident,70 km/hr,145.16681,-37.87439,MONASH,METROPOLITAN SOUTH EAST REGION,4,2,0,1,1,2,1,3,0,1,3,0,0,0,0,0,0,0,0,0,No,0,3,0,3,0,0,Metropolitan Excluding CBD
12/09/2012,17.00.00,No,No collision and no object struck,OUT OF CONTROL ON CARRIAGEWAY (ON STRAIGHT),No,Day,Yes,Not at intersection,Other injury accident,70 km/hr,145.089,-37.88889,MONASH,METROPOLITAN SOUTH EAST REGION,2,1,0,0,1,1,1,0,0,0,0,0,0,1,1,0,0,0,0,0,No,0,2,0,0,1,0,Metropolitan Excluding CBD
12/09/2012,22.32.00,Yes,Collision with a fixed object,RIGHT OFF CARRIAGEWAY INTO OBJECT/PARKED VEHICLE,No,Dark Street lights on,Yes,Cross intersection,Other injury accident,80 km/hr,145.16414,-37.88889,MONASH,METROPOLITAN SOUTH EAST REGION,1,1,0,0,1,0,1,0,0,0,1,0,0,0,0,0,0,0,0,1,No,0,1,0,1,0,0,Metropolitan Excluding CBD
13/09/2012,03.05.00,Yes,Collision with a fixed object,RIGHT OFF CARRIAGEWAY INTO OBJECT/PARKED VEHICLE,No,Dark Street lights on,Yes,Not at intersection,Serious injury accident,60 km/hr,145.15434,-37.92351,MONASH,METROPOLITAN SOUTH EAST REGION,1,1,0,1,0,0,1,0,0,0,1,0,0,0,0,0,0,0,0,0,Yes,0,1,0,1,0,0,Metropolitan Excluding CBD
14/09/2012,21.30.00,Yes,Collision with vehicle,OTHER ADJACENT (INTERSECTIONS ONLY),No,Dark Street lights unknown,No,T intersection,Other injury accident,50 km/hr,145.16914,-37.87459,MONASH,METROPOLITAN SOUTH EAST REGION,3,1,0,0,1,2,1,1,0,0,2,0,0,0,1,0,0,0,0,1,No,1,3,0,2,0,0,Metropolitan Excluding CBD
14/09/2012,02.50.00,Yes,Collision with vehicle,RIGHT NEAR (INTERSECTIONS ONLY),No,Dark Street lights on,Yes,T intersection,Serious injury accident,80 km/hr,145.16045,-37.90927,MONASH,METROPOLITAN SOUTH EAST REGION,2,1,0,1,0,1,2,0,0,0,2,0,0,0,0,0,0,0,0,1,Yes,0,2,0,2,0,0,Metropolitan Excluding CBD
14/09/2012,11.25.00,No,Struck Pedestrian,PED NEAR SIDE. PED HIT BY VEHICLE FROM THE RIGHT.,No,Day,Yes,Cross intersection,Serious injury accident,60 km/hr,145.11998,-37.92387,MONASH,METROPOLITAN SOUTH EAST REGION,2,1,0,1,0,1,1,1,0,0,1,1,0,0,0,0,0,1,0,0,No,0,1,0,1,0,0,Metropolitan Excluding CBD
15/09/2012,17.30.00,Yes,Collision with vehicle,REAR END(VEHICLES IN SAME LANE),No,Dusk/Dawn,Yes,T intersection,Other injury accident,70 km/hr,145.14466,-37.89181,MONASH,METROPOLITAN SOUTH EAST REGION,6,1,0,0,1,5,4,2,0,3,3,0,0,0,0,0,0,0,0,2,No,0,3,0,3,0,0,Metropolitan Excluding CBD
16/09/2012,09.50.00,Yes,Collision with vehicle,REAR END(VEHICLES IN SAME LANE),No,Day,Yes,Not at intersection,Other injury accident,80 km/hr,145.17901,-37.92097,MONASH,METROPOLITAN SOUTH EAST REGION,2,1,0,0,1,1,2,0,1,0,1,0,0,0,0,0,0,0,0,0,No,0,2,0,1,0,0,Metropolitan Excluding CBD
17/09/2012,15.15.00,No,Collision with vehicle,REAR END(VEHICLES IN SAME LANE),No,Day,Yes,Not at intersection,Other injury accident,80 km/hr,145.16193,-37.9011,MONASH,METROPOLITAN SOUTH EAST REGION,7,1,0,0,1,6,2,5,0,3,4,0,0,0,0,0,0,0,1,1,No,0,4,0,4,0,0,Metropolitan Excluding CBD
19/09/2012,08.50.00,No,Collision with vehicle,CROSS TRAFFIC(INTERSECTIONS ONLY),No,Day,Yes,Cross intersection,Other injury accident,50 km/hr,145.11169,-37.87462,MONASH,METROPOLITAN SOUTH EAST REGION,3,1,0,0,1,2,1,2,0,1,2,0,0,0,0,0,0,0,0,0,No,0,2,0,2,0,0,Metropolitan Excluding CBD
19/09/2012,15.30.00,No,Collision with vehicle,REAR END(VEHICLES IN SAME LANE),No,Unk.,No,Not at intersection,Other injury accident,70 km/hr,145.07968,-37.88779,MONASH,METROPOLITAN SOUTH EAST REGION,3,1,0,0,1,2,1,2,0,0,3,0,0,0,0,0,0,0,0,1,No,0,3,0,3,0,0,Metropolitan Excluding CBD
21/09/2012,15.05.00,No,Struck Pedestrian,ANY MANOEUVRE INVOLVING PED NOT INCLUDED IN DCAs 100-108.,No,Day,Yes,Not at intersection,Serious injury accident,40 km/hr,145.11944,-37.92666,MONASH,METROPOLITAN SOUTH EAST REGION,2,1,0,1,0,1,1,1,0,0,1,1,0,0,0,0,0,0,0,0,No,0,1,0,1,0,0,Metropolitan Excluding CBD
22/09/2012,16.30.00,Yes,Collision with vehicle,REAR END(VEHICLES IN SAME LANE),No,Day,Yes,Not at intersection,Serious injury accident,80 km/hr,145.1616,-37.90264,MONASH,METROPOLITAN SOUTH EAST REGION,9,1,0,1,0,8,2,7,0,4,5,0,0,0,0,0,0,0,1,1,No,0,5,0,5,0,0,Metropolitan Excluding CBD
26/09/2012,08.00.00,No,Collision with vehicle,RIGHT THROUGH,No,Day,Yes,T intersection,Serious injury accident,80 km/hr,145.16265,-37.91919,MONASH,METROPOLITAN SOUTH EAST REGION,3,1,0,1,0,2,3,0,0,1,2,0,0,0,0,0,0,0,0,0,No,0,2,0,2,0,0,Metropolitan Excluding CBD
27/09/2012,18.10.00,Yes,Struck Pedestrian,PED PLAYING/LYING/WORKING/STANDING ON CARRIAGEWAY.,No,Day,Yes,Not at intersection,Other injury accident,50 km/hr,145.13089,-37.92546,MONASH,METROPOLITAN SOUTH EAST REGION,2,1,0,0,1,1,2,0,0,0,1,1,0,0,0,0,0,0,0,0,No,0,1,0,1,0,0,Metropolitan Excluding CBD
28/09/2012,12.04.00,No,Collision with vehicle,RIGHT NEAR (INTERSECTIONS ONLY),No,Day,Yes,T intersection,Other injury accident,70 km/hr,145.16575,-37.88003,MONASH,METROPOLITAN SOUTH EAST REGION,2,1,0,0,1,1,2,0,0,0,2,0,0,0,0,0,0,0,0,0,No,0,2,0,2,0,0,Metropolitan Excluding CBD
28/09/2012,10.30.00,No,Struck Pedestrian,ANY MANOEUVRE INVOLVING PED NOT INCLUDED IN DCAs 100-108.,No,Day,No,Not at intersection,Other injury accident,Not known,145.08908,-37.8994,MONASH,METROPOLITAN SOUTH EAST REGION,2,2,0,0,2,0,1,1,0,0,1,1,0,0,0,0,0,1,0,0,No,0,1,0,1,0,0,Metropolitan Excluding CBD
28/09/2012,16.35.00,Yes,Collision with vehicle,REAR END(VEHICLES IN SAME LANE),No,Day,No,Multiple intersection,Other injury accident,60 km/hr,145.09009,-37.88343,MONASH,METROPOLITAN SOUTH EAST REGION,2,2,0,0,2,0,1,1,0,0,2,0,0,0,0,0,0,0,0,1,No,0,2,0,2,0,0,Metropolitan Excluding CBD
30/09/2012,14.25.00,No,Collision with vehicle,RIGHT OFF CARRIAGEWAY INTO OBJECT/PARKED VEHICLE,No,Day,Yes,Not at intersection,Other injury accident,50 km/hr,145.19119,-37.9134,MONASH,METROPOLITAN SOUTH EAST REGION,3,1,0,0,1,2,1,2,0,2,1,0,0,0,0,0,0,0,0,0,No,0,4,0,4,0,0,Metropolitan Excluding CBD
2/10/2012,17.50.00,No,Collision with vehicle,RIGHT NEAR (INTERSECTIONS ONLY),No,Day,Yes,T intersection,Serious injury accident,60 km/hr,145.1232,-37.90658,MONASH,METROPOLITAN SOUTH EAST REGION,3,1,0,1,0,2,3,0,0,0,2,0,0,1,0,0,0,0,0,1,No,0,3,0,2,1,0,Metropolitan Excluding CBD
2/10/2012,17.10.00,No,Collision with vehicle,RIGHT THROUGH,No,Dark No street lights,Yes,Cross intersection,Other injury accident,50 km/hr,145.0916,-37.87543,MONASH,METROPOLITAN SOUTH EAST REGION,2,1,0,0,1,1,2,0,1,0,1,0,0,0,0,0,0,0,0,0,No,0,2,0,1,0,0,Metropolitan Excluding CBD
4/10/2012,08.30.00,No,Collision with vehicle,REAR END(VEHICLES IN SAME LANE),No,Day,Yes,T intersection,Other injury accident,80 km/hr,145.13909,-37.92188,MONASH,METROPOLITAN SOUTH EAST REGION,3,1,0,0,1,2,2,1,0,0,3,0,0,0,0,0,0,0,0,0,No,0,3,0,3,0,0,Metropolitan Excluding CBD
4/10/2012,09.15.00,No,Collision with vehicle,LANE SIDE SWIPE (VEHICLES IN PARALLEL LANES),No,Day,No,Not at intersection,Other injury accident,100 km/hr,145.17037,-37.91741,MONASH,METROPOLITAN SOUTH EAST REGION,4,1,0,0,1,3,0,4,0,2,2,0,0,0,0,0,0,0,0,0,No,0,2,0,2,0,0,Metropolitan Excluding CBD
4/10/2012,10.55.00,No,Collision with vehicle,REAR END(VEHICLES IN SAME LANE),No,Day,No,Not at intersection,Other injury accident,80 km/hr,145.11703,-37.91306,MONASH,METROPOLITAN SOUTH EAST REGION,3,1,0,0,1,2,1,1,0,0,3,0,0,0,0,0,0,0,0,0,No,0,3,0,3,0,0,Metropolitan Excluding CBD
5/10/2012,11.20.00,No,Collision with a fixed object,OFF RIGHT BEND INTO OBJECT/PARKED VEHICLE,No,Day,Yes,Not at intersection,Other injury accident,50 km/hr,145.12274,-37.89475,MONASH,METROPOLITAN SOUTH EAST REGION,1,1,0,0,1,0,1,0,0,0,1,0,0,0,0,0,0,0,0,0,No,0,1,0,1,0,0,Metropolitan Excluding CBD
7/10/2012,09.30.00,Yes,Collision with vehicle,RIGHT NEAR (INTERSECTIONS ONLY),No,Day,No,T intersection,Other injury accident,60 km/hr,145.17038,-37.88956,MONASH,METROPOLITAN SOUTH EAST REGION,2,1,0,0,1,1,1,1,0,0,2,0,0,0,0,0,0,0,0,0,No,0,2,0,2,0,0,Metropolitan Excluding CBD
7/10/2012,20.30.00,Yes,Collision with vehicle,REAR END(VEHICLES IN SAME LANE),No,Dark Street lights on,Yes,Cross intersection,Other injury accident,80 km/hr,145.09341,-37.89348,MONASH,METROPOLITAN SOUTH EAST REGION,2,1,0,0,1,1,1,1,0,0,2,0,0,0,0,0,0,0,0,0,No,0,2,0,2,0,0,Metropolitan Excluding CBD
8/10/2012,16.00.00,No,Struck Pedestrian,PED EMERGES FROM IN FRONT OF PARKED OR STATIONARY VEHICLE,No,Day,Yes,Cross intersection,Serious injury accident,50 km/hr,145.12043,-37.9242,MONASH,METROPOLITAN SOUTH EAST REGION,4,1,0,1,0,3,3,1,0,0,1,3,0,0,0,0,0,0,0,0,No,0,1,0,0,0,1,Metropolitan Excluding CBD
9/10/2012,08.00.00,No,Collision with vehicle,RIGHT THROUGH,No,Day,Yes,T intersection,Other injury accident,70 km/hr,145.14688,-37.88021,MONASH,METROPOLITAN SOUTH EAST REGION,5,2,0,0,2,3,3,1,0,0,5,0,0,0,0,0,0,0,0,0,No,0,5,0,5,0,0,Metropolitan Excluding CBD
9/10/2012,08.40.00,No,Collision with vehicle,REAR END(VEHICLES IN SAME LANE),No,Day,Yes,Not at intersection,Other injury accident,70 km/hr,145.14532,-37.90154,MONASH,METROPOLITAN SOUTH EAST REGION,5,2,0,0,2,3,2,2,0,2,3,0,0,0,0,0,0,0,0,0,No,0,3,0,3,0,0,Metropolitan Excluding CBD
9/10/2012,15.40.00,No,Collision with vehicle,REAR END(VEHICLES IN SAME LANE),No,Day,No,T intersection,Other injury accident,80 km/hr,145.1271,-37.9144,MONASH,METROPOLITAN SOUTH EAST REGION,2,1,0,0,1,1,1,1,0,0,2,0,0,0,0,0,0,0,0,0,No,0,2,0,1,0,1,Metropolitan Excluding CBD
10/10/2012,02.29.00,Yes,Collision with vehicle,REAR END(VEHICLES IN SAME LANE),No,Dark No street lights,Yes,Not at intersection,Other injury accident,100 km/hr,145.17974,-37.92128,MONASH,METROPOLITAN SOUTH EAST REGION,2,1,0,0,1,1,1,1,0,0,2,0,0,0,0,0,0,0,0,0,No,0,2,0,2,0,0,Metropolitan Excluding CBD