ACCIDENT_DATE,ACCIDENT_TIME,ALCOHOLTIME,ACCIDENT_TYPE,DCA_CODE,HIT_RUN_FLAG,LIGHT_CONDITION,POLICE_ATTEND,ROAD_GEOMETRY,SEVERITY,SPEED_ZONE,LONGITUDE,LATITUDE,LGA_NAME,REGION_NAME,TOTAL_PERSONS,INJ_OR_FATAL,FATALITY,SERIOUSINJURY,OTHERINJURY,NONINJURED,MALES,FEMALES,BICYCLIST,PASSENGER,DRIVER,PEDESTRIAN,PILLION,MOTORIST,UNKNOWN,PED_CYCLIST_5_12,PED_CYCLIST_13_18,OLD_PEDESTRIAN,OLD_DRIVER,YOUNG_DRIVER,ALCOHOL_RELATED,UNLICENCSED,NO_OF_VEHICLES,HEAVYVEHICLE,PASSENGERVEHICLE,MOTORCYCLE,PUBLICVEHICLE,DEG_URBAN_NAME
2/05/2015,16.15.00,Yes,Collision with vehicle,REAR END(VEHICLES IN SAME LANE),No,Dusk/Dawn,No,Multiple intersection,Other injury accident,50 km/hr,145.10344,-37.91223,MONASH,METROPOLITAN SOUTH EAST REGION,4,1,0,0,1,3,2,2,0,2,2,0,0,0,0,0,0,0,0,0,No,1,2,0,2,0,0,Metropolitan Excluding CBD
3/05/2015,12.15.00,No,Collision with vehicle,RIGHT THROUGH,No,Day,Yes,Not at intersection,Other injury accident,60 km/hr,145.10896,-37.8827,MONASH,METROPOLITAN SOUTH EAST REGION,2,1,0,0,1,1,2,0,0,0,1,0,0,1,0,0,0,0,0,0,No,0,2,0,1,1,0,Metropolitan Excluding CBD
4/05/2015,07.10.00,No,Collision with vehicle,REAR END(VEHICLES IN SAME LANE),No,Dusk/Dawn,Yes,Not at intersection,Other injury accident,100 km/hr,145.18873,-37.93256,MONASH,METROPOLITAN SOUTH EAST REGION,3,1,0,0,1,2,3,0,0,0,3,0,0,0,0,0,0,0,0,1,No,0,3,1,2,0,0,Metropolitan Excluding CBD
4/05/2015,13.40.00,No,Collision with vehicle,REAR END(VEHICLES IN SAME LANE),No,Day,No,Cross intersection,Other injury accident,60 km/hr,145.1484,-37.87221,MONASH,METROPOLITAN SOUTH EAST REGION,2,1,0,0,1,1,1,1,0,0,1,0,0,1,0,0,0,0,0,0,No,0,2,0,1,1,0,Metropolitan Excluding CBD
5/05/2015,20.15.00,Yes,No collision and no object struck,OUT OF CONTROL ON CARRIAGEWAY (ON STRAIGHT),No,Dark Street lights on,No,T intersection,Other injury accident,50 km/hr,145.12472,-37.92817,MONASH,METROPOLITAN SOUTH EAST REGION,1,1,0,0,1,0,0,0,0,0,0,0,0,0,1,0,0,0,0,0,No,0,1,0,0,1,0,Metropolitan Excluding CBD
7/05/2015,15.22.00,No,Collision with vehicle,VEHICLE STRIKES ANOTHER VEH WHILE EMERGING FROM DRIVEWAY,No,Day,No,Not at intersection,Other injury accident,80 km/hr,145.16308,-37.89555,MONASH,METROPOLITAN SOUTH EAST REGION,2,1,0,0,1,1,1,1,0,0,2,0,0,0,0,0,0,0,0,0,No,1,2,0,2,0,0,Metropolitan Excluding CBD
9/05/2015,12.30.00,No,Collision with vehicle,REAR END(VEHICLES IN SAME LANE),No,Day,No,Not at intersection,Other injury accident,80 km/hr,145.143,-37.92433,MONASH,METROPOLITAN SOUTH EAST REGION,2,1,0,0,1,1,2,0,0,0,2,0,0,0,0,0,0,0,0,0,No,0,2,0,2,0,0,Metropolitan Excluding CBD
10/05/2015,15.11.00,No,Collision with vehicle,RIGHT NEAR (INTERSECTIONS ONLY),No,Day,Yes,Cross intersection,Serious injury accident,Not known,145.14014,-37.91615,MONASH,METROPOLITAN SOUTH EAST REGION,3,2,0,1,1,1,1,2,0,1,2,0,0,0,0,0,0,0,0,1,No,0,2,0,2,0,0,Metropolitan Excluding CBD
11/05/2015,16.10.00,No,Struck Pedestrian,FAR SIDE. PED HIT BY VEHICLE FROM THE LEFT,No,Dusk/Dawn,No,Cross intersection,Other injury accident,60 km/hr,145.16484,-37.91946,MONASH,METROPOLITAN SOUTH EAST REGION,2,2,0,0,2,0,1,1,0,0,1,1,0,0,0,0,0,0,1,0,No,0,1,0,1,0,0,Metropolitan Excluding CBD
11/05/2015,14.20.00,No,Collision with vehicle,RIGHT THROUGH,No,Day,Yes,Not at intersection,Other injury accident,70 km/hr,145.1207,-37.92011,MONASH,METROPOLITAN SOUTH EAST REGION,4,1,0,0,1,3,3,1,0,1,3,0,0,0,0,0,0,0,0,1,No,0,3,0,3,0,0,Metropolitan Excluding CBD
12/05/2015,16.55.00,No,Collision with vehicle,REAR END(VEHICLES IN SAME LANE),No,Dusk/Dawn,No,T intersection,Other injury accident,50 km/hr,145.14714,-37.91706,MONASH,METROPOLITAN SOUTH EAST REGION,2,1,0,0,1,1,1,1,0,0,2,0,0,0,0,0,0,0,0,1,No,0,2,0,2,0,0,Metropolitan Excluding CBD
13/05/2015,08.00.00,No,Collision with vehicle,REAR END(VEHICLES IN SAME LANE),No,Day,No,T intersection,Other injury accident,70 km/hr,145.16738,-37.87168,MONASH,METROPOLITAN SOUTH EAST REGION,2,1,0,0,1,1,1,1,0,0,2,0,0,0,0,0,0,0,0,0,No,1,2,0,2,0,0,Metropolitan Excluding CBD
13/05/2015,10.00.00,No,Collision with vehicle,REAR END(VEHICLES IN SAME LANE),No,Day,No,Cross intersection,Other injury accident,80 km/hr,145.0882,-37.89309,MONASH,METROPOLITAN SOUTH EAST REGION,3,1,0,0,1,2,2,1,0,0,2,0,0,0,1,0,0,0,0,0,No,0,2,0,2,0,0,Metropolitan Excluding CBD
14/05/2015,08.31.00,No,Collision with vehicle,LEFT NEAR (INTERSECTIONS ONLY),No,Day,No,Cross intersection,Other injury accident,Not known,145.11068,-37.87351,MONASH,METROPOLITAN SOUTH EAST REGION,2,1,0,0,1,1,1,1,0,0,1,0,0,0,1,0,0,0,0,0,No,0,2,0,1,1,0,Metropolitan Excluding CBD
16/05/2015,12.30.00,No,Collision with vehicle,CROSS TRAFFIC(INTERSECTIONS ONLY),No,Day,No,Multiple intersection,Serious injury accident,60 km/hr,145.15724,-37.90309,MONASH,METROPOLITAN SOUTH EAST REGION,3,1,0,1,0,2,2,1,0,1,2,0,0,0,0,0,0,0,0,0,No,0,2,0,2,0,0,Metropolitan Excluding CBD
17/05/2015,16.20.00,Yes,Collision with vehicle,LANE CHANGE LEFT (NOT OVERTAKING),No,Dusk/Dawn,Yes,Not at intersection,Other injury accident,100 km/hr,145.14971,-37.89868,MONASH,METROPOLITAN SOUTH EAST REGION,3,2,0,0,2,1,1,2,0,1,2,0,0,0,0,0,0,0,0,0,No,0,2,1,1,0,0,Metropolitan Excluding CBD
19/05/2015,16.00.00,No,Collision with vehicle,RIGHT NEAR (INTERSECTIONS ONLY),No,Dusk/Dawn,Yes,T intersection,Other injury accident,60 km/hr,145.13605,-37.88568,MONASH,METROPOLITAN SOUTH EAST REGION,2,1,0,0,1,1,0,2,0,0,2,0,0,0,0,0,0,0,0,0,No,0,2,0,2,0,0,Metropolitan Excluding CBD
19/05/2015,21.45.00,Yes,Collision with vehicle,REAR END(VEHICLES IN SAME LANE),No,Dark Street lights on,Yes,Cross intersection,Other injury accident,Not known,145.1271,-37.9144,MONASH,METROPOLITAN SOUTH EAST REGION,2,2,0,0,2,0,1,1,0,0,2,0,0,0,0,0,0,0,0,1,No,0,2,0,2,0,0,Metropolitan Excluding CBD
20/05/2015,13.00.00,No,Collision with vehicle,REAR END(VEHICLES IN SAME LANE),No,Day,Yes,T intersection,Other injury accident,60 km/hr,145.10756,-37.88986,MONASH,METROPOLITAN SOUTH EAST REGION,2,1,0,0,1,1,1,1,0,0,2,0,0,0,0,0,0,0,0,1,No,0,2,0,2,0,0,Metropolitan Excluding CBD
21/05/2015,21.00.00,Yes,Struck Pedestrian,PED PLAYING/LYING/WORKING/STANDING ON CARRIAGEWAY.,Yes,Dark Street lights on,Yes,Not at intersection,Other injury accident,50 km/hr,145.11852,-37.92122,MONASH,METROPOLITAN SOUTH EAST REGION,3,1,0,0,1,2,1,0,0,0,0,1,0,0,2,0,0,0,0,0,No,0,1,0,0,0,0,Metropolitan Excluding CBD
21/05/2015,14.50.00,No,Collision with vehicle,RIGHT NEAR (INTERSECTIONS ONLY),No,Day,Yes,T intersection,Other injury accident,70 km/hr,145.10967,-37.87892,MONASH,METROPOLITAN SOUTH EAST REGION,4,1,0,0,1,3,1,3,0,1,3,0,0,0,0,0,0,0,1,0,No,0,3,0,3,0,0,Metropolitan Excluding CBD
22/05/2015,08.40.00,No,Struck Pedestrian,PED NEAR SIDE. PED HIT BY VEHICLE FROM THE RIGHT.,No,Day,Yes,T intersection,Other injury accident,50 km/hr,145.16152,-37.92596,MONASH,METROPOLITAN SOUTH EAST REGION,2,1,0,0,1,1,0,2,0,0,1,1,0,0,0,0,0,0,0,0,No,0,1,0,1,0,0,Metropolitan Excluding CBD
23/05/2015,01.48.00,Yes,Struck Pedestrian,PED NEAR SIDE. PED HIT BY VEHICLE FROM THE RIGHT.,No,Dark Street lights unknown,Yes,Cross intersection,Serious injury accident,60 km/hr,145.14758,-37.8765,MONASH,METROPOLITAN SOUTH EAST REGION,2,1,0,1,0,1,2,0,0,0,1,1,0,0,0,0,0,0,0,0,No,0,1,0,1,0,0,Metropolitan Excluding CBD
23/05/2015,11.30.00,No,Collision with vehicle,RIGHT NEAR (INTERSECTIONS ONLY),No,Day,Yes,T intersection,Serious injury accident,60 km/hr,145.10977,-37.87836,MONASH,METROPOLITAN SOUTH EAST REGION,4,2,0,1,1,2,2,2,0,1,3,0,0,0,0,0,0,0,0,0,No,0,3,0,3,0,0,Metropolitan Excluding CBD
24/05/2015,18.00.00,No,Struck Pedestrian,PED NEAR SIDE. PED HIT BY VEHICLE FROM THE RIGHT.,No,Dark Street lights on,Yes,T intersection,Serious injury accident,50 km/hr,145.18236,-37.86358,MONASH,METROPOLITAN SOUTH EAST REGION,2,1,0,1,0,1,0,2,0,0,1,1,0,0,0,0,0,1,0,0,No,0,1,0,1,0,0,Metropolitan Excluding CBD
25/05/2015,07.20.00,No,Collision with vehicle,REAR END(VEHICLES IN SAME LANE),No,Dusk/Dawn,No,Multiple intersection,Other injury accident,80 km/hr,145.14404,-37.8952,MONASH,METROPOLITAN SOUTH EAST REGION,2,1,0,0,1,1,1,1,0,0,2,0,0,0,0,0,0,0,0,0,No,0,2,0,2,0,0,Metropolitan Excluding CBD
25/05/2015,15.50.00,No,Collision with vehicle,REAR END(VEHICLES IN SAME LANE),No,Day,No,Not at intersection,Other injury accident,60 km/hr,145.12235,-37.91115,MONASH,METROPOLITAN SOUTH EAST REGION,3,1,0,0,1,2,0,3,0,0,3,0,0,0,0,0,0,0,0,0,No,0,3,0,3,0,0,Metropolitan Excluding CBD
26/05/2015,17.40.00,No,Collision with vehicle,REAR END(VEHICLES IN SAME LANE),No,Dusk/Dawn,No,Not at intersection,Other injury accident,60 km/hr,145.1298,-37.89617,MONASH,METROPOLITAN SOUTH EAST REGION,2,1,0,0,1,1,2,0,0,0,2,0,0,0,0,0,0,0,0,0,No,0,2,0,2,0,0,Metropolitan Excluding CBD
27/05/2015,15.10.00,No,Collision with vehicle,RIGHT NEAR (INTERSECTIONS ONLY),No,Day,Yes,T intersection,Other injury accident,80 km/hr,145.1471,-37.91727,MONASH,METROPOLITAN SOUTH EAST REGION,2,1,0,0,1,1,2,0,0,0,1,0,0,1,0,0,0,0,0,0,No,0,2,0,1,1,0,Metropolitan Excluding CBD
28/05/2015,12.30.00,No,Collision with vehicle,REAR END(VEHICLES IN SAME LANE),No,Day,Yes,Not at intersection,Other injury accident,80 km/hr,145.16378,-37.91933,MONASH,METROPOLITAN SOUTH EAST REGION,2,1,0,0,1,1,1,1,0,0,2,0,0,0,0,0,0,0,0,1,No,0,2,0,2,0,0,Metropolitan Excluding CBD
28/05/2015,15.15.00,No,Collision with vehicle,REAR END(VEHICLES IN SAME LANE),No,Day,No,Not at intersection,Other injury accident,70 km/hr,145.16176,-37.90358,MONASH,METROPOLITAN SOUTH EAST REGION,2,1,0,0,1,1,2,0,0,0,2,0,0,0,0,0,0,0,0,1,No,0,2,0,2,0,0,Metropolitan Excluding CBD
29/05/2015,13.50.00,No,Collision with vehicle,LANE CHANGE RIGHT (NOT OVERTAKING),No,Day,Yes,Not at intersection,Other injury accident,70 km/hr,145.16464,-37.8861,MONASH,METROPOLITAN SOUTH EAST REGION,2,1,0,0,1,1,1,1,0,0,2,0,0,0,0,0,0,0,0,0,No,0,2,0,2,0,0,Metropolitan Excluding CBD
30/05/2015,14.10.00,Yes,Collision with vehicle,RIGHT FAR (INTERSECTIONS ONLY),No,Day,Yes,Cross intersection,Other injury accident,50 km/hr,145.09181,-37.90176,MONASH,METROPOLITAN SOUTH EAST REGION,3,2,0,0,2,1,1,2,0,1,2,0,0,0,0,0,0,0,0,0,No,0,2,0,2,0,0,Metropolitan Excluding CBD
30/05/2015,22.18.00,Yes,Collision with vehicle,REAR END(VEHICLES IN SAME LANE),No,Dark Street lights on,Yes,Not at intersection,Other injury accident,80 km/hr,145.13637,-37.92017,MONASH,METROPOLITAN SOUTH EAST REGION,2,1,0,0,1,1,2,0,0,0,2,0,0,0,0,0,0,0,0,1,No,0,2,0,2,0,0,Metropolitan Excluding CBD
31/05/2015,12.15.00,No,Collision with vehicle,RIGHT FAR (INTERSECTIONS ONLY),No,Day,Yes,Cross intersection,Serious injury accident,60 km/hr,145.13118,-37.86417,MONASH,METROPOLITAN SOUTH EAST REGION,7,1,0,1,0,6,5,2,0,5,2,0,0,0,0,0,0,0,0,1,No,0,2,0,2,0,0,Metropolitan Excluding CBD
1/06/2015,17.45.00,No,Collision with vehicle,RIGHT REAR.,No,Dark Street lights on,Yes,T intersection,Serious injury accident,60 km/hr,145.12345,-37.90522,MONASH,METROPOLITAN SOUTH EAST REGION,2,1,0,1,0,1,2,0,0,0,1,0,0,1,0,0,0,0,0,0,No,0,2,0,1,1,0,Metropolitan Excluding CBD
1/06/2015,17.35.00,No,Collision with vehicle,REAR END(VEHICLES IN SAME LANE),No,Dark Street lights unknown,No,Cross intersection,Other injury accident,80 km/hr,145.12231,-37.91135,MONASH,METROPOLITAN SOUTH EAST REGION,2,1,0,0,1,1,1,1,0,0,2,0,0,0,0,0,0,0,0,0,No,0,2,0,2,0,0,Metropolitan Excluding CBD
2/06/2015,09.15.00,No,Collision with vehicle,VEHICLE OFF FOOTPATH STRIKES VEH ON CARRIAGEWAY,No,Day,Yes,T intersection,Other injury accident,80 km/hr,145.16398,-37.88989,MONASH,METROPOLITAN SOUTH EAST REGION,2,1,0,0,1,1,1,1,1,0,1,0,0,0,0,0,0,0,0,0,No,0,2,0,1,0,0,Metropolitan Excluding CBD
3/06/2015,12.20.00,No,Collision with vehicle,RIGHT REAR.,No,Day,Yes,T intersection,Other injury accident,60 km/hr,145.13034,-37.86855,MONASH,METROPOLITAN SOUTH EAST REGION,2,1,0,0,1,1,2,0,0,0,2,0,0,0,0,0,0,0,0,0,No,0,2,0,2,0,0,Metropolitan Excluding CBD
5/06/2015,18.46.00,Yes,Collision with vehicle,REAR END(VEHICLES IN SAME LANE),Yes,Dark Street lights on,Yes,Not at intersection,Other injury accident,100 km/hr,145.098,-37.88519,MONASH,METROPOLITAN SOUTH EAST REGION,3,1,0,0,1,2,1,2,0,0,3,0,0,0,0,0,0,0,0,2,No,0,3,0,3,0,0,Metropolitan Excluding CBD
6/06/2015,19.10.00,Yes,Collision with vehicle,LANE CHANGE RIGHT (NOT OVERTAKING),No,Dark Street lights on,Yes,T intersection,Other injury accident,60 km/hr,145.12167,-37.91504,MONASH,METROPOLITAN SOUTH EAST REGION,4,1,0,0,1,3,3,1,0,2,1,0,0,1,0,0,0,0,0,0,No,0,2,0,1,1,0,Metropolitan Excluding CBD
6/06/2015,12.02.00,No,Collision with a fixed object,RIGHT OFF CARRIAGEWAY INTO OBJECT/PARKED VEHICLE,No,Day,Yes,Cross intersection,Other injury accident,70 km/hr,145.1587,-37.91848,MONASH,METROPOLITAN SOUTH EAST REGION,1,1,0,0,1,0,1,0,0,0,1,0,0,0,0,0,0,0,0,0,No,0,1,0,1,0,0,Metropolitan Excluding CBD
11/06/2015,16.54.00,No,Collision with vehicle,REAR END(VEHICLES IN SAME LANE),Yes,Dusk/Dawn,Yes,Not at intersection,Other injury accident,100 km/hr,145.16704,-37.9137,MONASH,METROPOLITAN SOUTH EAST REGION,4,1,0,0,1,3,3,1,0,1,3,0,0,0,0,0,0,0,0,1,No,0,3,0,2,0,0,Metropolitan Excluding CBD
11/06/2015,17.50.00,No,Vehicle overturned (no collision),OFF CARRIAGEWAY TO LEFT,No,Dark No street lights,Yes,Not at intersection,Other injury accident,100 km/hr,145.19226,-37.93604,MONASH,METROPOLITAN SOUTH EAST REGION,1,1,0,0,1,0,1,0,0,0,0,0,0,1,0,0,0,0,0,0,No,0,1,0,0,1,0,Metropolitan Excluding CBD
11/06/2015,15.38.00,No,Collision with vehicle,RIGHT NEAR (INTERSECTIONS ONLY),No,Day,Yes,Cross intersection,Serious injury accident,80 km/hr,145.18629,-37.92187,MONASH,METROPOLITAN SOUTH EAST REGION,3,2,0,1,1,1,2,1,0,0,1,1,0,1,0,0,0,0,0,0,No,0,2,0,1,1,0,Metropolitan Excluding CBD
14/06/2015,16.20.00,Yes,Collision with vehicle,U TURN,No,Dusk/Dawn,Yes,T intersection,Other injury accident,60 km/hr,145.12167,-37.91504,MONASH,METROPOLITAN SOUTH EAST REGION,2,1,0,0,1,1,1,1,0,0,1,0,0,1,0,0,0,0,0,0,No,0,2,0,1,1,0,Metropolitan Excluding CBD
15/06/2015,10.13.00,No,Struck Pedestrian,PED NEAR SIDE. PED HIT BY VEHICLE FROM THE RIGHT.,No,Day,Yes,Cross intersection,Other injury accident,50 km/hr,145.09181,-37.90176,MONASH,METROPOLITAN SOUTH EAST REGION,2,1,0,0,1,1,1,1,0,0,1,1,0,0,0,0,0,1,1,0,No,0,1,0,1,0,0,Metropolitan Excluding CBD
15/06/2015,09.45.00,No,Struck Pedestrian,PED NEAR SIDE. PED HIT BY VEHICLE FROM THE RIGHT.,Yes,Day,No,Cross intersection,Serious injury accident,Not known,145.09181,-37.90176,MONASH,METROPOLITAN SOUTH EAST REGION,2,1,0,1,0,1,1,0,0,0,0,1,0,0,1,0,0,1,0,0,No,0,1,0,0,0,0,Metropolitan Excluding CBD
19/06/2015,12.00.00,No,Struck Pedestrian,PED ON FOOTHPATH STRUCK BY VEHENTERING/LEAVING DRIVEWAY.,No,Day,Yes,Not at intersection,Serious injury accident,80 km/hr,145.16457,-37.88647,MONASH,METROPOLITAN SOUTH EAST REGION,2,1,0,1,0,1,1,1,0,0,1,1,0,0,0,0,0,1,0,0,No,0,1,0,1,0,0,Metropolitan Excluding CBD
20/06/2015,12.55.00,No,Collision with a fixed object,LEFT OFF CARRIAGEWAY INTO OBJECT/PARKED VEHICLE,No,Day,Yes,Not at intersection,Serious injury accident,50 km/hr,145.17277,-37.93087,MONASH,METROPOLITAN SOUTH EAST REGION,3,1,0,1,0,2,3,0,0,2,1,0,0,0,0,0,0,0,0,0,No,0,1,0,1,0,0,Metropolitan Excluding CBD
23/06/2015,19.24.00,Yes,No collision and no object struck,OFF CARRIAGEWAY TO LEFT,No,Dark Street lights on,Yes,Not at intersection,Other injury accident,80 km/hr,145.16081,-37.90709,MONASH,METROPOLITAN SOUTH EAST REGION,1,1,0,0,1,0,1,0,0,0,0,0,0,1,0,0,0,0,0,0,No,0,1,0,0,1,0,Metropolitan Excluding CBD
25/06/2015,12.40.00,No,Collision with vehicle,RIGHT REAR.,No,Day,Yes,T intersection,Serious injury accident,60 km/hr,145.12324,-37.86925,MONASH,METROPOLITAN SOUTH EAST REGION,2,1,0,1,0,1,1,1,0,0,2,0,0,0,0,0,0,0,1,0,No,0,2,0,1,0,0,Metropolitan Excluding CBD
25/06/2015,19.50.00,Yes,Collision with vehicle,LEFT NEAR (INTERSECTIONS ONLY),No,Dark Street lights on,Yes,T intersection,Other injury accident,80 km/hr,145.16333,-37.89395,MONASH,METROPOLITAN SOUTH EAST REGION,2,1,0,0,1,1,1,1,0,0,1,0,0,1,0,0,0,0,0,0,No,0,2,0,1,1,0,Metropolitan Excluding CBD
26/06/2015,05.45.00,Yes,Collision with vehicle,REAR END(VEHICLES IN SAME LANE),No,Dark Street lights on,Yes,Not at intersection,Serious injury accident,70 km/hr,145.10669,-37.91211,MONASH,METROPOLITAN SOUTH EAST REGION,2,1,0,1,0,1,2,0,1,0,1,0,0,0,0,0,0,0,0,0,No,0,2,0,1,0,0,Metropolitan Excluding CBD
28/06/2015,16.18.00,Yes,Collision with vehicle,LANE CHANGE RIGHT (NOT OVERTAKING),No,Dusk/Dawn,Yes,Not at intersection,Other injury accident,80 km/hr,145.13206,-37.91536,MONASH,METROPOLITAN SOUTH EAST REGION,5,1,0,0,1,4,2,3,0,3,2,0,0,0,0,0,0,0,0,0,No,0,2,0,2,0,0,Metropolitan Excluding CBD
29/06/2015,18.36.00,Yes,Collision with vehicle,CROSS TRAFFIC(INTERSECTIONS ONLY),No,Dark Street lights on,Yes,Cross intersection,Other injury accident,50 km/hr,145.12642,-37.87398,MONASH,METROPOLITAN SOUTH EAST REGION,2,2,0,0,2,0,2,0,0,0,1,0,0,0,1,0,0,0,0,0,No,0,2,0,1,0,0,Metropolitan Excluding CBD
29/06/2015,22.40.00,Yes,Collision with a fixed object,LEFT OFF CARRIAGEWAY INTO OBJECT/PARKED VEHICLE,No,Dark Street lights on,No,Not at intersection,Serious injury accident,80 km/hr,145.14167,-37.91656,MONASH,METROPOLITAN SOUTH EAST REGION,2,2,0,2,0,0,1,1,0,1,1,0,0,0,0,0,0,0,0,0,No,0,1,0,1,0,0,Metropolitan Excluding CBD
30/06/2015,15.33.00,No,Collision with vehicle,VEHICLE STRIKES ANOTHER VEH WHILE EMERGING FROM DRIVEWAY,No,Day,No,Not at intersection,Serious injury accident,Camping grounds or off road,145.16584,-37.87955,MONASH,METROPOLITAN SOUTH EAST REGION,2,1,0,1,0,1,1,0,1,0,0,0,0,0,1,1,0,0,0,0,No,0,2,0,0,0,0,Metropolitan Excluding CBD
30/06/2015,08.34.00,No,Collision with vehicle,REAR END(VEHICLES IN SAME LANE),No,Dusk/Dawn,Yes,Not at intersection,Other injury accident,80 km/hr,145.16067,-37.90805,MONASH,METROPOLITAN SOUTH EAST REGION,7,5,0,0,5,2,6,1,0,0,7,0,0,0,0,0,0,0,0,0,No,0,7,0,7,0,0,Metropolitan Excluding CBD
1/07/2015,08.00.00,No,Collision with vehicle,REAR END(VEHICLES IN SAME LANE),No,Dusk/Dawn,No,Cross intersection,Other injury accident,60 km/hr,145.10615,-37.89701,MONASH,METROPOLITAN SOUTH EAST REGION,3,1,0,0,1,2,2,1,0,0,3,0,0,0,0,0,0,0,0,0,No,0,3,0,3,0,0,Metropolitan Excluding CBD
1/07/2015,09.20.00,No,Collision with vehicle,RIGHT NEAR (INTERSECTIONS ONLY),No,Unk.,Yes,T intersection,Other injury accident,70 km/hr,145.1424,-37.90439,MONASH,METROPOLITAN SOUTH EAST REGION,3,1,0,0,1,2,2,1,0,1,2,0,0,0,0,0,0,0,0,2,No,0,2,0,2,0,0,Metropolitan Excluding CBD
2/07/2015,20.45.00,Yes,Collision with vehicle,LANE CHANGE RIGHT (NOT OVERTAKING),No,Dark Street lights on,Yes,Not at intersection,Other injury accident,80 km/hr,145.12821,-37.91507,MONASH,METROPOLITAN SOUTH EAST REGION,2,1,0,0,1,1,2,0,0,0,2,0,0,0,0,0,0,0,0,0,No,0,2,0,2,0,0,Metropolitan Excluding CBD
2/07/2015,10.35.00,No,Collision with vehicle,REAR END(VEHICLES IN SAME LANE),No,Day,No,Cross intersection,Other injury accident,70 km/hr,145.1587,-37.91848,MONASH,METROPOLITAN SOUTH EAST REGION,2,1,0,0,1,1,1,1,0,0,2,0,0,0,0,0,0,0,0,1,No,0,2,0,2,0,0,Metropolitan Excluding CBD
4/07/2015,10.33.00,No,Collision with a fixed object,LEFT OFF CARRIAGEWAY INTO OBJECT/PARKED VEHICLE,No,Day,No,Not at intersection,Other injury accident,80 km/hr,145.15841,-37.92015,MONASH,METROPOLITAN SOUTH EAST REGION,2,1,0,0,1,1,2,0,0,1,1,0,0,0,0,0,0,0,0,0,No,0,1,0,1,0,0,Metropolitan Excluding CBD
4/07/2015,16.00.00,Yes,No collision and no object struck,OUT OF CONTROL ON CARRIAGEWAY (ON STRAIGHT),No,Day,No,Not at intersection,Other injury accident,50 km/hr,145.16421,-37.87961,MONASH,METROPOLITAN SOUTH EAST REGION,2,1,0,0,1,1,1,0,0,0,1,0,0,1,0,0,0,0,0,0,No,0,2,0,1,1,0,Metropolitan Excluding CBD
5/07/2015,19.30.00,Yes,Collision with vehicle,REAR END(VEHICLES IN SAME LANE),No,Dusk/Dawn,Yes,Not at intersection,Other injury accident,60 km/hr,145.12507,-37.89523,MONASH,METROPOLITAN SOUTH EAST REGION,3,1,0,0,1,2,2,1,0,1,2,0,0,0,0,0,0,0,0,0,No,0,2,0,2,0,0,Metropolitan Excluding CBD
7/07/2015,09.40.00,No,Collision with vehicle,CROSS TRAFFIC(INTERSECTIONS ONLY),No,Day,Yes,Cross intersection,Serious injury accident,70 km/hr,145.10615,-37.89701,MONASH,METROPOLITAN SOUTH EAST REGION,2,1,0,1,0,1,1,1,0,0,2,0,0,0,0,0,0,0,0,0,No,0,2,0,2,0,0,Metropolitan Excluding CBD
9/07/2015,15.10.00,No,No collision and no object struck,OUT OF CONTROL ON CARRIAGEWAY (ON STRAIGHT),No,Day,No,Y intersection,Other injury accident,60 km/hr,145.13704,-37.90802,MONASH,METROPOLITAN SOUTH EAST REGION,1,1,0,0,1,0,1,0,0,0,0,0,0,1,0,0,0,0,0,0,No,0,1,0,0,1,0,Metropolitan Excluding CBD
10/07/2015,07.34.00,No,Collision with vehicle,REAR END(VEHICLES IN SAME LANE),No,Dusk/Dawn,Yes,T intersection,Other injury accident,60 km/hr,145.08738,-37.89842,MONASH,METROPOLITAN SOUTH EAST REGION,2,1,0,0,1,1,2,0,0,0,1,0,0,1,0,0,0,0,0,0,No,0,2,0,1,1,0,Metropolitan Excluding CBD
10/07/2015,14.50.00,No,Collision with vehicle,RIGHT FAR (INTERSECTIONS ONLY),No,Day,Yes,Multiple intersection,Other injury accident,80 km/hr,145.10547,-37.90082,MONASH,METROPOLITAN SOUTH EAST REGION,6,3,0,0,3,3,4,2,0,4,2,0,0,0,0,0,0,0,0,0,No,0,2,0,2,0,0,Metropolitan Excluding CBD
11/07/2015,14.05.00,Yes,Collision with vehicle,RIGHT THROUGH,No,Day,No,Cross intersection,Other injury accident,60 km/hr,145.1027,-37.85423,MONASH,METROPOLITAN SOUTH EAST REGION,2,1,0,0,1,1,1,1,0,0,2,0,0,0,0,0,0,0,0,1,No,0,2,0,2,0,0,Metropolitan Excluding CBD